INSERT INTO AIRLINE(AIRLINE_ID, NAME) VALUES (1,'Qatar Airways');

INSERT INTO PLANE (PLANE_ID, NAME, CAPACITY) VALUES (1, 'Boeing 747', 500);
INSERT INTO PLANE (PLANE_ID, NAME, CAPACITY) VALUES (2, 'Airbus A320', 700);

INSERT INTO PASSENGER (PASSENGER_ID, LASTNAME, FIRSTNAME, PATRONYM, PASSPORTNUMBER) VALUES (1, 'Chirkin', 'Alexander', 'Ivanovich', '48524788932');
INSERT INTO PASSENGER (PASSENGER_ID, LASTNAME, FIRSTNAME, PATRONYM, PASSPORTNUMBER) VALUES (2, 'Kirillova', 'Svetlana', 'Igorevna', '42314568213');
INSERT INTO PASSENGER (PASSENGER_ID, LASTNAME, FIRSTNAME, PATRONYM, PASSPORTNUMBER) VALUES (3, 'Kozlov', 'Sergey', 'Nikolaevich', '41237856321');

INSERT INTO AIRPORT(AIRPORT_ID, NAME) VALUES (1,'London, airport Heathrow');
INSERT INTO AIRPORT(AIRPORT_ID, NAME) VALUES (2,'Berlin, airport Tegel');
INSERT INTO AIRPORT(AIRPORT_ID, NAME) VALUES (3,'Stockholm, airport Arlanda');
INSERT INTO AIRPORT(AIRPORT_ID, NAME) VALUES (4,'Barcelona, airport El Prat');

INSERT INTO FLIGHT(FLIGHT_ID, NUMBER, PLANE_ID, DEPARTURE_AIRPORT_ID, ARRIVAL_AIRPORT_ID, AIRLINE_ID, DATE) VALUES (1,'1574',1,1,3,1,'2018-10-01 8:05');
INSERT INTO FLIGHT(FLIGHT_ID, NUMBER, PLANE_ID, DEPARTURE_AIRPORT_ID, ARRIVAL_AIRPORT_ID, AIRLINE_ID, DATE) VALUES (2,'2587',2,2,4,1,'2018-10-02 16:40');

INSERT INTO TICKET(NUMBER, FLIGHT_ID, LEVEL, PLACE, PRICE, PASSENGER_ID) VALUES (8789546,1,'Econom','35H',10000,1);
INSERT INTO TICKET(NUMBER, FLIGHT_ID, LEVEL, PLACE, PRICE, PASSENGER_ID) VALUES (7865313,1,'Econom','42B',10000,2);
INSERT INTO TICKET(NUMBER, FLIGHT_ID, LEVEL, PLACE, PRICE, PASSENGER_ID) VALUES (7895213,2,'Business','2A',30000,3);

INSERT INTO USERAIRLINE(USER_ID, LOGIN, PASSWORD, EMAIL, PHONE, PASSENGER_ID) VALUES (1, 'Chir', '457Ch', 'chirkin.a.i@gmail.com', '89154568123', 1);
INSERT INTO USERAIRLINE(USER_ID, LOGIN, PASSWORD, EMAIL, PHONE, PASSENGER_ID) VALUES (2, 'KillReal', 'legr56', 'Kirillova.s.i@yandex.ru', '89856931548', 2);
INSERT INTO USERAIRLINE(USER_ID, LOGIN, PASSWORD, EMAIL, PHONE, PASSENGER_ID) VALUES (3, 'KozlovSN', 'spiderman15', 'kozlovSN@gmaol.com', '89004567893', 3);